insert into clientes (id, nome, sobrenome, endereco, data_nasicmento, telefone, estado, cidade) values (1, 'Lorine', 'Romanin', '52563 Granby Trail', '1996-01-12', '920562593', 'Texas', 'Dallas');
insert into clientes (id, nome, sobrenome, endereco, data_nasicmento, telefone, estado, cidade) values (2, 'Justinian', 'Deackes', '07 Lakeland Pass', '1986-12-05', '905735601', 'Florida', 'Orlando');
insert into clientes (id, nome, sobrenome, endereco, data_nasicmento, telefone, estado, cidade) values (3, 'Annabela', 'Tooker', '7 Hoard Avenue', '1987-07-14', '910613770', 'California', 'San Francisco');
insert into clientes (id, nome, sobrenome, endereco, data_nasicmento, telefone, estado, cidade) values (4, 'Nevsa', 'Martyns', '2027 Kropf Trail', '1990-10-16', '972424621', 'California', 'Los Angeles');
insert into clientes (id, nome, sobrenome, endereco, data_nasicmento, telefone, estado, cidade) values (5, 'Marve', 'Duker', '311 Lukken Street', '1998-01-16', '941304043', 'Maryland', 'Baltimore');
insert into clientes (id, nome, sobrenome, endereco, data_nasicmento, telefone, estado, cidade) values (6, 'Karl', 'Gowenlock', '55 Bunting Parkway', '1993-03-15', '961850170', 'Michigan', 'Detroit');
insert into clientes (id, nome, sobrenome, endereco, data_nasicmento, telefone, estado, cidade) values (7, 'Wanids', 'Bysshe', '9 American Hill', '1992-12-23', '988445722', 'California', 'San Francisco');
insert into clientes (id, nome, sobrenome, endereco, data_nasicmento, telefone, estado, cidade) values (8, 'Sharia', 'Brisland', '2788 American Ash Junction', '1998-07-20', '915347694', 'Nevada', 'Reno');
insert into clientes (id, nome, sobrenome, endereco, data_nasicmento, telefone, estado, cidade) values (9, 'Alleen', 'Girardet', '448 Melby Alley', '1980-07-08', '960217622', 'New York', 'Great Neck');
insert into clientes (id, nome, sobrenome, endereco, data_nasicmento, telefone, estado, cidade) values (10, 'Wilbur', 'Coughlan', '5171 Debs Pass', '1983-12-20', '991052149', 'Texas', 'Austin');
insert into clientes (id, nome, sobrenome, endereco, data_nasicmento, telefone, estado, cidade) values (11, 'Lorry', 'Beavan', '632 Farragut Trail', '1981-03-16', '916149953', 'District of Columbia', 'Washington');
insert into clientes (id, nome, sobrenome, endereco, data_nasicmento, telefone, estado, cidade) values (12, 'Brina', 'Sidon', '489 Sachtjen Avenue', '1997-05-15', '903467271', 'Colorado', 'Fort Collins');
insert into clientes (id, nome, sobrenome, endereco, data_nasicmento, telefone, estado, cidade) values (13, 'Gabi', 'Ogley', '57410 Rigney Avenue', '1999-04-02', '989012011', 'Tennessee', 'Nashville');
insert into clientes (id, nome, sobrenome, endereco, data_nasicmento, telefone, estado, cidade) values (14, 'Tiertza', 'Courtes', '3648 Mallory Way', '1983-11-13', '987643679', 'Minnesota', 'Minneapolis');
insert into clientes (id, nome, sobrenome, endereco, data_nasicmento, telefone, estado, cidade) values (15, 'Giff', 'Saylor', '0686 Longview Plaza', '1993-04-13', '956429750', 'Florida', 'Seminole');
insert into clientes (id, nome, sobrenome, endereco, data_nasicmento, telefone, estado, cidade) values (16, 'Dalila', 'Awin', '94142 Sachtjen Center', '1994-11-30', '983283627', 'Nebraska', 'Lincoln');
insert into clientes (id, nome, sobrenome, endereco, data_nasicmento, telefone, estado, cidade) values (17, 'Neall', 'Ryan', '942 Briar Crest Park', '1988-08-31', '940483891', 'North Carolina', 'Charlotte');
insert into clientes (id, nome, sobrenome, endereco, data_nasicmento, telefone, estado, cidade) values (18, 'Eli', 'Ondrich', '64 Village Place', '1980-08-18', '906302075', 'Maryland', 'Hagerstown');
insert into clientes (id, nome, sobrenome, endereco, data_nasicmento, telefone, estado, cidade) values (19, 'Ailis', 'Chansonnau', '13517 Oakridge Pass', '1986-03-03', '963277849', 'Florida', 'Naples');
insert into clientes (id, nome, sobrenome, endereco, data_nasicmento, telefone, estado, cidade) values (20, 'Penrod', 'Bogays', '7374 Mallory Street', '1989-11-04', '969712197', 'New Mexico', 'Santa Fe');
insert into clientes (id, nome, sobrenome, endereco, data_nasicmento, telefone, estado, cidade) values (21, 'Lacie', 'Wivell', '2818 Burning Wood Place', '1994-05-24', '966222109', 'New York', 'New Hyde Park');
insert into clientes (id, nome, sobrenome, endereco, data_nasicmento, telefone, estado, cidade) values (22, 'Sheri', 'Gencke', '57 Everett Parkway', '1991-01-18', '986547710', 'New York', 'Buffalo');
insert into clientes (id, nome, sobrenome, endereco, data_nasicmento, telefone, estado, cidade) values (23, 'Legra', 'Tappor', '47 Montana Pass', '1984-10-29', '900193796', 'New York', 'Brooklyn');
insert into clientes (id, nome, sobrenome, endereco, data_nasicmento, telefone, estado, cidade) values (24, 'Gennifer', 'Becarra', '6 Elka Drive', '1991-01-20', '989898317', 'North Dakota', 'Fargo');
insert into clientes (id, nome, sobrenome, endereco, data_nasicmento, telefone, estado, cidade) values (25, 'Urbano', 'Giabucci', '0 American Junction', '1984-07-18', '974417845', 'Massachusetts', 'Worcester');
insert into clientes (id, nome, sobrenome, endereco, data_nasicmento, telefone, estado, cidade) values (26, 'Kilian', 'Pettet', '47582 Boyd Parkway', '1992-11-17', '923646455', 'Indiana', 'Fort Wayne');
insert into clientes (id, nome, sobrenome, endereco, data_nasicmento, telefone, estado, cidade) values (27, 'Camey', 'de Voiels', '576 Drewry Plaza', '1987-03-12', '996346626', 'Arkansas', 'Little Rock');
insert into clientes (id, nome, sobrenome, endereco, data_nasicmento, telefone, estado, cidade) values (28, 'Willard', 'Broome', '5331 Lillian Terrace', '1998-02-25', '968387544', 'Michigan', 'Grand Rapids');
insert into clientes (id, nome, sobrenome, endereco, data_nasicmento, telefone, estado, cidade) values (29, 'Cris', 'Drinkwater', '361 Del Mar Place', '1998-09-13', '961109274', 'Illinois', 'Springfield');
insert into clientes (id, nome, sobrenome, endereco, data_nasicmento, telefone, estado, cidade) values (30, 'Kirbie', 'Levesley', '8191 Mendota Terrace', '1999-03-30', '983090787', 'California', 'San Diego');
---------------------------------------------------------------------------------------------------------------------------------------------------------------------------------------------------------------------------------------
insert into compras (id, valor_total, data_compra, data_entrega, id_cliente) values (1, 44.31762, '2023-04-09', '2022-08-13', 14);
insert into compras (id, valor_total, data_compra, data_entrega, id_cliente) values (2, 19.07058, '2022-07-17', '2022-11-21', 16);
insert into compras (id, valor_total, data_compra, data_entrega, id_cliente) values (3, 23.35687, '2023-04-06', '2022-05-13', 9);
insert into compras (id, valor_total, data_compra, data_entrega, id_cliente) values (4, 23.24642, '2022-06-25', '2022-04-30', 8);
insert into compras (id, valor_total, data_compra, data_entrega, id_cliente) values (5, 45.1632, '2022-07-12', '2022-06-07', 23);
insert into compras (id, valor_total, data_compra, data_entrega, id_cliente) values (6, 2.95214, '2022-11-26', '2022-08-01', 9);
insert into compras (id, valor_total, data_compra, data_entrega, id_cliente) values (7, 41.9121, '2022-09-30', '2022-11-22', 30);
insert into compras (id, valor_total, data_compra, data_entrega, id_cliente) values (8, 40.63616, '2022-07-10', '2023-03-08', 7);
insert into compras (id, valor_total, data_compra, data_entrega, id_cliente) values (9, 35.4677, '2022-08-17', '2022-12-31', 28);
insert into compras (id, valor_total, data_compra, data_entrega, id_cliente) values (10, 38.27172, '2022-09-10', '2022-11-11', 11);
insert into compras (id, valor_total, data_compra, data_entrega, id_cliente) values (11, 25.17884, '2023-03-23', '2022-05-01', 16);
insert into compras (id, valor_total, data_compra, data_entrega, id_cliente) values (12, 13.93519, '2022-09-01', '2022-11-03', 18);
insert into compras (id, valor_total, data_compra, data_entrega, id_cliente) values (13, 14.4133, '2023-02-25', '2022-05-06', 9);
insert into compras (id, valor_total, data_compra, data_entrega, id_cliente) values (14, 28.34588, '2023-03-31', '2023-02-02', 14);
insert into compras (id, valor_total, data_compra, data_entrega, id_cliente) values (15, 49.47265, '2023-02-19', '2022-12-18', 22);
insert into compras (id, valor_total, data_compra, data_entrega, id_cliente) values (16, 39.54626, '2022-09-23', '2022-11-10', 2);
insert into compras (id, valor_total, data_compra, data_entrega, id_cliente) values (17, 34.93897, '2023-02-27', '2023-04-05', 29);
insert into compras (id, valor_total, data_compra, data_entrega, id_cliente) values (18, 21.40824, '2022-12-28', '2022-04-12', 21);
insert into compras (id, valor_total, data_compra, data_entrega, id_cliente) values (19, 38.21738, '2022-12-30', '2022-11-06', 29);
insert into compras (id, valor_total, data_compra, data_entrega, id_cliente) values (20, 2.06414, '2023-04-04', '2022-10-06', 1);
insert into compras (id, valor_total, data_compra, data_entrega, id_cliente) values (21, 46.67345, '2022-08-17', '2023-03-21', 9);
insert into compras (id, valor_total, data_compra, data_entrega, id_cliente) values (22, 32.02669, '2023-04-07', '2022-08-01', 23);
insert into compras (id, valor_total, data_compra, data_entrega, id_cliente) values (23, 5.01984, '2022-06-08', '2022-09-21', 29);
insert into compras (id, valor_total, data_compra, data_entrega, id_cliente) values (24, 27.54877, '2022-09-21', '2022-10-27', 22);
insert into compras (id, valor_total, data_compra, data_entrega, id_cliente) values (25, 28.53229, '2022-05-21', '2022-09-29', 27);
insert into compras (id, valor_total, data_compra, data_entrega, id_cliente) values (26, 8.61925, '2022-12-31', '2022-05-11', 17);
insert into compras (id, valor_total, data_compra, data_entrega, id_cliente) values (27, 16.42953, '2022-07-24', '2023-03-29', 20);
insert into compras (id, valor_total, data_compra, data_entrega, id_cliente) values (28, 27.89309, '2022-04-27', '2022-11-22', 18);
insert into compras (id, valor_total, data_compra, data_entrega, id_cliente) values (29, 26.81326, '2022-04-13', '2023-04-06', 6);
insert into compras (id, valor_total, data_compra, data_entrega, id_cliente) values (30, 35.09967, '2022-05-03', '2022-08-15', 5);
insert into compras (id, valor_total, data_compra, data_entrega, id_cliente) values (31, 1.81271, '2022-05-09', '2022-06-05', 3);
insert into compras (id, valor_total, data_compra, data_entrega, id_cliente) values (32, 39.98421, '2022-11-10', '2022-10-07', 16);
insert into compras (id, valor_total, data_compra, data_entrega, id_cliente) values (33, 23.90296, '2022-04-14', '2022-07-31', 14);
insert into compras (id, valor_total, data_compra, data_entrega, id_cliente) values (34, 45.8005, '2022-06-04', '2023-03-16', 12);
insert into compras (id, valor_total, data_compra, data_entrega, id_cliente) values (35, 35.47868, '2022-12-15', '2023-01-23', 30);
insert into compras (id, valor_total, data_compra, data_entrega, id_cliente) values (36, 19.32539, '2023-02-11', '2022-06-11', 2);
insert into compras (id, valor_total, data_compra, data_entrega, id_cliente) values (37, 33.5503, '2022-06-20', '2022-06-13', 23);
insert into compras (id, valor_total, data_compra, data_entrega, id_cliente) values (38, 11.35064, '2022-05-13', '2023-02-06', 30);
insert into compras (id, valor_total, data_compra, data_entrega, id_cliente) values (39, 9.35658, '2022-08-30', '2023-03-06', 25);
insert into compras (id, valor_total, data_compra, data_entrega, id_cliente) values (40, 25.70864, '2022-08-10', '2022-06-09', 7);
insert into compras (id, valor_total, data_compra, data_entrega, id_cliente) values (41, 42.99593, '2022-11-09', '2022-07-24', 15);
insert into compras (id, valor_total, data_compra, data_entrega, id_cliente) values (42, 15.75825, '2022-09-21', '2022-11-11', 27);
insert into compras (id, valor_total, data_compra, data_entrega, id_cliente) values (43, 6.79695, '2022-08-14', '2022-07-03', 9);
insert into compras (id, valor_total, data_compra, data_entrega, id_cliente) values (44, 2.73563, '2023-04-06', '2023-03-06', 10);
insert into compras (id, valor_total, data_compra, data_entrega, id_cliente) values (45, 41.74262, '2023-02-19', '2022-10-20', 25);
insert into compras (id, valor_total, data_compra, data_entrega, id_cliente) values (46, 46.59411, '2023-02-18', '2022-10-01', 24);
insert into compras (id, valor_total, data_compra, data_entrega, id_cliente) values (47, 30.56446, '2022-12-16', '2022-12-20', 27);
insert into compras (id, valor_total, data_compra, data_entrega, id_cliente) values (48, 4.98606, '2022-08-04', '2023-02-20', 30);
insert into compras (id, valor_total, data_compra, data_entrega, id_cliente) values (49, 15.69323, '2023-03-13', '2023-01-03', 20);
insert into compras (id, valor_total, data_compra, data_entrega, id_cliente) values (50, 24.56564, '2022-07-23', '2022-06-29', 13);
---------------------------------------------------------------------------------------------------------------------------------------------------------------------------------------------------------------------------------------
insert into produtos (id, nome, descricao, preco) values (1, 'Rice - Basmati', 'erat curabitur gravida nisi at nibh in hac habitasse platea dictumst aliquam augue quam sollicitudin vitae consectetuer', 36);
insert into produtos (id, nome, descricao, preco) values (2, 'Turnip - Wax', 'eros vestibulum ac est lacinia nisi venenatis tristique fusce congue diam id ornare imperdiet sapien urna', 10);
insert into produtos (id, nome, descricao, preco) values (3, 'Lychee', 'curae nulla dapibus dolor vel est donec odio justo sollicitudin', 63);
insert into produtos (id, nome, descricao, preco) values (4, 'Emulsifier', 'varius integer ac leo pellentesque ultrices mattis odio donec vitae nisi nam ultrices libero non mattis pulvinar', 25);
insert into produtos (id, nome, descricao, preco) values (5, 'Absolut Citron', 'donec ut mauris eget massa tempor convallis nulla neque libero convallis eget eleifend luctus ultricies eu nibh quisque id', 6);
insert into produtos (id, nome, descricao, preco) values (6, 'Juice - Lime', 'in congue etiam justo etiam pretium iaculis justo in hac habitasse platea dictumst etiam', 96);
insert into produtos (id, nome, descricao, preco) values (7, 'Flower - Carnations', 'in eleifend quam a odio in hac habitasse platea dictumst maecenas ut massa quis augue luctus tincidunt nulla mollis', 90);
insert into produtos (id, nome, descricao, preco) values (8, 'Carbonated Water - Wildberry', 'molestie hendrerit at vulputate vitae nisl aenean lectus pellentesque eget nunc donec quis orci eget orci vehicula condimentum curabitur in', 20);
insert into produtos (id, nome, descricao, preco) values (9, 'Bay Leaf', 'a feugiat et eros vestibulum ac est lacinia nisi venenatis tristique fusce congue diam', 61);
insert into produtos (id, nome, descricao, preco) values (10, 'Coffee Swiss Choc Almond', 'nisi eu orci mauris lacinia sapien quis libero nullam sit amet turpis elementum ligula vehicula consequat morbi a', 80);
insert into produtos (id, nome, descricao, preco) values (11, 'Pumpkin - Seed', 'ridiculus mus vivamus vestibulum sagittis sapien cum sociis natoque penatibus et magnis dis parturient montes', 63);
insert into produtos (id, nome, descricao, preco) values (12, 'Peas Snow', 'in hac habitasse platea dictumst aliquam augue quam sollicitudin vitae consectetuer eget rutrum at lorem integer tincidunt ante vel ipsum', 10);
insert into produtos (id, nome, descricao, preco) values (13, 'Crush - Grape, 355 Ml', 'ante nulla justo aliquam quis turpis eget elit sodales scelerisque mauris sit', 37);
insert into produtos (id, nome, descricao, preco) values (14, 'Appetizer - Mango Chevre', 'posuere cubilia curae nulla dapibus dolor vel est donec odio justo sollicitudin ut suscipit a', 83);
insert into produtos (id, nome, descricao, preco) values (15, 'Tea - Lemon Green Tea', 'est quam pharetra magna ac consequat metus sapien ut nunc', 8);
insert into produtos (id, nome, descricao, preco) values (16, 'Crab - Dungeness, Whole, live', 'mauris eget massa tempor convallis nulla neque libero convallis eget eleifend luctus ultricies eu nibh quisque id justo', 72);
insert into produtos (id, nome, descricao, preco) values (17, 'Wine - Delicato Merlot', 'ridiculus mus etiam vel augue vestibulum rutrum rutrum neque aenean', 35);
insert into produtos (id, nome, descricao, preco) values (18, 'Beans - Yellow', 'donec dapibus duis at velit eu est congue elementum in hac habitasse platea dictumst', 5);
insert into produtos (id, nome, descricao, preco) values (19, 'Nantucket - Kiwi Berry Cktl.', 'lectus in est risus auctor sed tristique in tempus sit amet sem', 17);
insert into produtos (id, nome, descricao, preco) values (20, 'Ecolab - Mikroklene 4/4 L', 'morbi a ipsum integer a nibh in quis justo maecenas rhoncus aliquam lacus morbi quis tortor id nulla', 69);
insert into produtos (id, nome, descricao, preco) values (21, 'V8 Splash Strawberry Banana', 'erat volutpat in congue etiam justo etiam pretium iaculis justo in hac habitasse platea', 54);
insert into produtos (id, nome, descricao, preco) values (22, 'Maple Syrup', 'eget massa tempor convallis nulla neque libero convallis eget eleifend luctus ultricies eu', 65);
insert into produtos (id, nome, descricao, preco) values (23, 'Nut - Peanut, Roasted', 'non mattis pulvinar nulla pede ullamcorper augue a suscipit nulla elit ac', 24);
insert into produtos (id, nome, descricao, preco) values (24, 'Juice - Apple Cider', 'urna pretium nisl ut volutpat sapien arcu sed augue aliquam erat volutpat', 78);
insert into produtos (id, nome, descricao, preco) values (25, 'Venison - Racks Frenched', 'proin eu mi nulla ac enim in tempor turpis nec euismod scelerisque quam turpis adipiscing lorem', 65);
insert into produtos (id, nome, descricao, preco) values (26, 'Pepper - Green', 'ultrices aliquet maecenas leo odio condimentum id luctus nec molestie sed justo pellentesque viverra', 67);
insert into produtos (id, nome, descricao, preco) values (27, 'Bread - Malt', 'pretium quis lectus suspendisse potenti in eleifend quam a odio in hac habitasse platea dictumst maecenas ut massa quis augue', 9);
insert into produtos (id, nome, descricao, preco) values (28, 'Pepperoni Slices', 'gravida nisi at nibh in hac habitasse platea dictumst aliquam augue quam sollicitudin vitae consectetuer', 74);
insert into produtos (id, nome, descricao, preco) values (29, 'Flavouring - Raspberry', 'convallis nulla neque libero convallis eget eleifend luctus ultricies eu nibh quisque id justo sit amet sapien', 97);
insert into produtos (id, nome, descricao, preco) values (30, 'Chilli Paste, Sambal Oelek', 'vel accumsan tellus nisi eu orci mauris lacinia sapien quis libero nullam sit', 53);
insert into produtos (id, nome, descricao, preco) values (31, 'Coffee - Flavoured', 'fusce lacus purus aliquet at feugiat non pretium quis lectus suspendisse potenti in eleifend quam a odio in', 13);
insert into produtos (id, nome, descricao, preco) values (32, 'Pomello', 'varius nulla facilisi cras non velit nec nisi vulputate nonummy maecenas tincidunt lacus at velit vivamus vel', 69);
insert into produtos (id, nome, descricao, preco) values (33, 'Wine - Duboeuf Beaujolais', 'consequat lectus in est risus auctor sed tristique in tempus sit amet sem fusce consequat nulla nisl nunc nisl', 10);
insert into produtos (id, nome, descricao, preco) values (34, 'Rice - Long Grain', 'felis fusce posuere felis sed lacus morbi sem mauris laoreet ut rhoncus aliquet pulvinar sed nisl nunc rhoncus dui vel', 11);
insert into produtos (id, nome, descricao, preco) values (35, 'Puff Pastry - Sheets', 'odio odio elementum eu interdum eu tincidunt in leo maecenas pulvinar lobortis est phasellus sit amet erat', 23);
insert into produtos (id, nome, descricao, preco) values (36, 'Sobe - Orange Carrot', 'rhoncus dui vel sem sed sagittis nam congue risus semper porta volutpat quam', 99);
insert into produtos (id, nome, descricao, preco) values (37, 'Liqueur - Melon', 'id pretium iaculis diam erat fermentum justo nec condimentum neque sapien placerat ante nulla justo aliquam quis turpis eget elit', 14);
insert into produtos (id, nome, descricao, preco) values (38, 'Turkey - Ground. Lean', 'erat eros viverra eget congue eget semper rutrum nulla nunc purus phasellus in felis donec semper sapien a libero', 98);
insert into produtos (id, nome, descricao, preco) values (39, 'Sauce - Gravy, Au Jus, Mix', 'consequat nulla nisl nunc nisl duis bibendum felis sed interdum venenatis turpis', 6);
insert into produtos (id, nome, descricao, preco) values (40, 'Buffalo - Tenderloin', 'venenatis lacinia aenean sit amet justo morbi ut odio cras mi pede malesuada in imperdiet et commodo vulputate justo in', 77);
insert into produtos (id, nome, descricao, preco) values (41, 'Olives - Nicoise', 'ante vivamus tortor duis mattis egestas metus aenean fermentum donec ut mauris', 12);
insert into produtos (id, nome, descricao, preco) values (42, 'Pineapple - Regular', 'nullam molestie nibh in lectus pellentesque at nulla suspendisse potenti cras in purus eu magna vulputate luctus cum sociis natoque', 25);
insert into produtos (id, nome, descricao, preco) values (43, 'Spinach - Spinach Leaf', 'elit proin risus praesent lectus vestibulum quam sapien varius ut blandit non interdum', 4);
insert into produtos (id, nome, descricao, preco) values (44, 'Beef - Diced', 'nisi eu orci mauris lacinia sapien quis libero nullam sit amet', 21);
insert into produtos (id, nome, descricao, preco) values (45, 'Vermacelli - Sprinkles, Assorted', 'lacinia eget tincidunt eget tempus vel pede morbi porttitor lorem id ligula suspendisse ornare consequat', 100);
insert into produtos (id, nome, descricao, preco) values (46, 'Wine - Zinfandel Rosenblum', 'molestie hendrerit at vulputate vitae nisl aenean lectus pellentesque eget nunc donec quis orci eget orci vehicula condimentum curabitur in', 5);
insert into produtos (id, nome, descricao, preco) values (47, 'Buttons', 'molestie hendrerit at vulputate vitae nisl aenean lectus pellentesque eget nunc donec quis orci', 25);
insert into produtos (id, nome, descricao, preco) values (48, 'Hersey Shakes', 'ut dolor morbi vel lectus in quam fringilla rhoncus mauris enim', 43);
insert into produtos (id, nome, descricao, preco) values (49, 'White Baguette', 'ut nunc vestibulum ante ipsum primis in faucibus orci luctus et ultrices posuere', 63);
insert into produtos (id, nome, descricao, preco) values (50, 'Energy Drink Bawls', 'volutpat eleifend donec ut dolor morbi vel lectus in quam fringilla rhoncus mauris enim leo rhoncus sed vestibulum sit amet', 98);
---------------------------------------------------------------------------------------------------------------------------------------------------------------------------------------------------------------------------------------
insert into itens_compras (id, valor_unitario, quantidade, id_compra, id_produto) values (1, 9.67842, 4, 1, 1);
insert into itens_compras (id, valor_unitario, quantidade, id_compra, id_produto) values (2, 8.69365, 1, 2, 2);
insert into itens_compras (id, valor_unitario, quantidade, id_compra, id_produto) values (3, 9.58042, 4, 3, 3);
insert into itens_compras (id, valor_unitario, quantidade, id_compra, id_produto) values (4, 1.38957, 3, 4, 4);
insert into itens_compras (id, valor_unitario, quantidade, id_compra, id_produto) values (5, 9.57186, 4, 5, 5);
insert into itens_compras (id, valor_unitario, quantidade, id_compra, id_produto) values (6, 9.41959, 4, 6, 6);
insert into itens_compras (id, valor_unitario, quantidade, id_compra, id_produto) values (7, 6.26105, 5, 7, 7);
insert into itens_compras (id, valor_unitario, quantidade, id_compra, id_produto) values (8, 2.56694, 1, 8, 8);
insert into itens_compras (id, valor_unitario, quantidade, id_compra, id_produto) values (9, 9.01511, 2, 9, 9);
insert into itens_compras (id, valor_unitario, quantidade, id_compra, id_produto) values (10, 4.69165, 1, 10, 10);
insert into itens_compras (id, valor_unitario, quantidade, id_compra, id_produto) values (11, 4.55673, 3, 11, 11);
insert into itens_compras (id, valor_unitario, quantidade, id_compra, id_produto) values (12, 1.73212, 4, 12, 12);
insert into itens_compras (id, valor_unitario, quantidade, id_compra, id_produto) values (13, 7.56602, 2, 13, 13);
insert into itens_compras (id, valor_unitario, quantidade, id_compra, id_produto) values (14, 4.65652, 3, 14, 14);
insert into itens_compras (id, valor_unitario, quantidade, id_compra, id_produto) values (15, 1.06728, 3, 15, 15);
insert into itens_compras (id, valor_unitario, quantidade, id_compra, id_produto) values (16, 9.83707, 5, 16, 16);
insert into itens_compras (id, valor_unitario, quantidade, id_compra, id_produto) values (17, 1.75135, 3, 17, 17);
insert into itens_compras (id, valor_unitario, quantidade, id_compra, id_produto) values (18, 9.74986, 2, 18, 18);
insert into itens_compras (id, valor_unitario, quantidade, id_compra, id_produto) values (19, 3.7879, 4, 19, 19);
insert into itens_compras (id, valor_unitario, quantidade, id_compra, id_produto) values (20, 7.65322, 3, 20, 20);
insert into itens_compras (id, valor_unitario, quantidade, id_compra, id_produto) values (21, 7.58833, 4, 21, 21);
insert into itens_compras (id, valor_unitario, quantidade, id_compra, id_produto) values (22, 7.16477, 1, 22, 22);
insert into itens_compras (id, valor_unitario, quantidade, id_compra, id_produto) values (23, 8.18288, 2, 23, 23);
insert into itens_compras (id, valor_unitario, quantidade, id_compra, id_produto) values (24, 4.21048, 1, 24, 24);
insert into itens_compras (id, valor_unitario, quantidade, id_compra, id_produto) values (25, 6.42647, 3, 25, 25);
insert into itens_compras (id, valor_unitario, quantidade, id_compra, id_produto) values (26, 4.15637, 1, 26, 26);
insert into itens_compras (id, valor_unitario, quantidade, id_compra, id_produto) values (27, 2.52922, 1, 27, 27);
insert into itens_compras (id, valor_unitario, quantidade, id_compra, id_produto) values (28, 9.19095, 5, 28, 28);
insert into itens_compras (id, valor_unitario, quantidade, id_compra, id_produto) values (29, 3.31409, 1, 29, 29);
insert into itens_compras (id, valor_unitario, quantidade, id_compra, id_produto) values (30, 4.77218, 1, 30, 30);
insert into itens_compras (id, valor_unitario, quantidade, id_compra, id_produto) values (31, 4.05991, 4, 31, 31);
insert into itens_compras (id, valor_unitario, quantidade, id_compra, id_produto) values (32, 5.66111, 1, 32, 32);
insert into itens_compras (id, valor_unitario, quantidade, id_compra, id_produto) values (33, 6.30066, 3, 33, 33);
insert into itens_compras (id, valor_unitario, quantidade, id_compra, id_produto) values (34, 2.79395, 5, 34, 34);
insert into itens_compras (id, valor_unitario, quantidade, id_compra, id_produto) values (35, 9.34553, 1, 35, 35);
insert into itens_compras (id, valor_unitario, quantidade, id_compra, id_produto) values (36, 7.33489, 4, 36, 36);
insert into itens_compras (id, valor_unitario, quantidade, id_compra, id_produto) values (37, 9.80601, 5, 37, 37);
insert into itens_compras (id, valor_unitario, quantidade, id_compra, id_produto) values (38, 1.72503, 3, 38, 38);
insert into itens_compras (id, valor_unitario, quantidade, id_compra, id_produto) values (39, 7.69992, 3, 39, 39);
insert into itens_compras (id, valor_unitario, quantidade, id_compra, id_produto) values (40, 4.39809, 1, 40, 40);
insert into itens_compras (id, valor_unitario, quantidade, id_compra, id_produto) values (41, 1.55506, 1, 41, 41);
insert into itens_compras (id, valor_unitario, quantidade, id_compra, id_produto) values (42, 4.84225, 1, 42, 42);
insert into itens_compras (id, valor_unitario, quantidade, id_compra, id_produto) values (43, 9.1764, 3, 43, 43);
insert into itens_compras (id, valor_unitario, quantidade, id_compra, id_produto) values (44, 1.35984, 2, 44, 44);
insert into itens_compras (id, valor_unitario, quantidade, id_compra, id_produto) values (45, 4.8173, 3, 45, 45);
insert into itens_compras (id, valor_unitario, quantidade, id_compra, id_produto) values (46, 6.45412, 1, 46, 46);
insert into itens_compras (id, valor_unitario, quantidade, id_compra, id_produto) values (47, 6.04293, 1, 47, 47);
insert into itens_compras (id, valor_unitario, quantidade, id_compra, id_produto) values (48, 4.05716, 3, 48, 48);
insert into itens_compras (id, valor_unitario, quantidade, id_compra, id_produto) values (49, 6.74219, 2, 49, 49);
insert into itens_compras (id, valor_unitario, quantidade, id_compra, id_produto) values (50, 3.91317, 1, 50, 50);
---------------------------------------------------------------------------------------------------------------------------------------------------------------------------------------------------------------------------------------
